Code,DOA,Name,PR Sup,DOB,Sex,Source,Status,End Date,Breed,Coat Colour,Age at Start,Duration,Label
04-01-LD,2019-04-24,Diva,Catherine,2018-02-11,F,IGDB,GD,2019-12-13,LRx,,14.357584344647734,7.655187991539868,Success
04-02-LE,2019-04-24,Earl,Catherine,2018-03-12,M,IGDB,AD,2019-11-29,LRx,,13.404792706215732,7.195219614365798,Success
04-03-LD,2019-04-24,Douglas,Rose,2018-02-11,M,IGDB,W,2019-08-06,LRx,,14.357584344647734,3.416907944721657,Fail
04-04-LZ,2019-04-24,Zodiac,Rose,2018-04-06,M,Private breeder,GD,2019-10-25,LR,,12.583420604119182,6.045298671430625,Success
04-05-LF,2019-04-24,Fargo,Graham,2018-03-16,M,IGDB,GD,2019-11-25,LR,,13.273373169880283,7.06380007803035,Success
04-06-LF,2019-04-24,Frida,Graham,2018-03-16,F,IGDB,W,2019-08-02,LR,,13.273373169880283,3.2854884083862093,Fail
04-07-LE,2019-04-24,Elf,Frances,2018-03-12,M,IGDB,GD,2019-11-25,LRx,,13.404792706215732,7.06380007803035,Success
04-08-LE,2019-04-24,Emmy,Graham,2018-03-12,F,IGDB,W,2019-08-19,LRx,,13.404792706215732,3.8440214378118647,Fail
05-01-LD,2019-05-01,Dugg,Graham,2018-02-11,M,IGDB,AD,2019-10-25,LRxGR,,14.58756853323477,5.81531448284359,Success
05-02-LF,2019-05-01,Flora,Graham,2018-03-16,F,IGDB,GD,2019-12-20,LR,,13.50335735846732,7.655187991539868,Success
05-03-LF,2019-05-01,Fawn,Catherine,2018-03-16,F,IGDB,GD,2019-11-25,LR,,13.50335735846732,6.833815889443315,Success
05-04-LZ,2019-05-01,Zeb,Catherine,2018-04-06,M,Private breeder,W,2019-08-06,LR,,12.813404792706216,3.186923756134623,Fail
05-05-LE,2019-05-01,Eldin,Rose,2018-03-12,M,IGDB,GD,2019-12-13,LRx,,13.634776894802767,7.425203802952833,Success
05-11-LE,2019-05-15,Edrick,Rose,2018-03-12,M,IGDB,GD,2020-07-09,LRx,,14.094745271976835,13.83190619930594,Success
05-12-LF,2019-05-15,Finesse,Rose,2018-03-16,F,IGDB,W,2019-07-03,LR,,13.963325735641387,1.6098893201092426,Fail
05-13-LE,2019-05-15,Esme,Graham,2018-03-12,F,IGDB,GD,2019-12-13,LRx,,14.094745271976835,6.965235425778763,Success
05-14-LE,2019-05-15,Ebbi,Graham,2018-03-12,F,IGDB,AD,2019-10-25,LRx,,14.094745271976835,5.355346105669521,Success
05-15-LG,2019-05-15,Gaston,Graham,2018-04-15,M,IGDB,GD,2020-02-03,LRxGR,,12.977679213125526,8.673689398139592,Success
05-21-LH,2019-05-30,Hugo,Frances,2018-05-11,M,IGDB,W,2019-07-05,LRxGR,,12.616275488203042,1.1827758270190354,Fail
05-22-LE,2019-05-28,Eliza,Catherine,2018-03-12,F,IGDB,W,2019-11-12,LRx,,14.521858765067044,5.519620526088832,Fail
07-01-LG,2019-07-02,Goober,Graham,2018-04-15,M,IGDB,GD,2020-02-03,LRxGR,,14.554713649150909,7.096654962114211,Success
07-02-LH,2019-07-02,Herbie,Graham,2018-05-11,M,IGDB,GD,,LRxGR,,13.700486662970492,,Success
07-03-LE,2019-07-02,Evie,Rose,2018-03-12,F,IGDB,GD,2020-02-02,LRx,,15.671779708002218,7.06380007803035,Success
07-04-LZ,2019-07-02,Zac,Rose,2018-04-06,M,Private breeder,W,2019-10-25,LR,,14.850407605905666,3.778311669644141,Fail
07-11-LZ,2019-07-29,Ziggy,Rose,2018-04-06,M,Private breeder,W,2019-08-13,LR,,15.737489476169944,0.4928232612579313,Fail
07-12-LG,2019-06-16,Gav,Rose,2018-04-15,M,IGDB,AD,2020-01-28,LRxGR,,14.029035503809114,7.425203802952833,Success
07-13-LE,2019-07-30,Effie,Graham,2018-03-12,F,IGDB,GD,2020-02-03,LRx,,16.591716462350355,6.176718207766073,Success
07-14-LG,2019-07-21,Gretel,Catherine,2018-04-15,F,IGDB,AD,2019-11-29,LRxGR,,15.178956446744284,4.303989814985934,Success
07-15-LG,2019-07-29,Gilli,Frances,2018-04-15,F,IGDB,W,2019-10-01,LRxGR,,15.441795519415184,2.102712581367174,Fail
08-01-LH,2019-08-21,Harry,Rose,2018-05-11,M,IGDB,AD,2019-11-29,LRxGR,,15.343230867163596,3.2854884083862093,Success
08-02-LH,2019-08-21,Harvey,Rose,2018-05-11,M,IGDB,AD,2020-01-28,LRxGR,,15.343230867163596,5.256781453417935,Success
08-03-LH,2019-08-21,Hans,Graham,2018-05-11,M,IGDB,AD,2020-02-12,LRxGR,,15.343230867163596,5.749604714675866,Success
08-04-LH,2019-08-21,Harmony,Diana,2018-05-11,F,IGDB,AD,2019-11-29,LRxGR,,15.343230867163596,3.2854884083862093,Success
08-11-LJ,2019-08-28,Jira,Frances,2018-07-03,F,IGDB,GD,2020-02-03,LR,,13.83190619930594,5.223926569334073,Success
08-12-LH,2019-08-28,Hayley,Frances,2018-05-11,F,IGDB,W,2019-12-04,LRxGR,,15.573215055750632,3.219778640218485,Fail
08-13-LJ,2019-08-28,Jojo,Frances,2018-07-03,F,IGDB,AD,2019-11-29,LR,,13.83190619930594,3.0555042197991744,Success
09-01-LI,2019-09-04,Irrie,Frances,2018-06-28,F,IGDB,GD,2020-07-27,LRxGR,,14.226164808312284,10.743547095422905,Success
09-02-LJ,2019-09-04,Judson,Frances,2018-07-03,M,IGDB,GD,2020-06-08,LR,,14.061890387892976,9.133657775313662,Success
09-03-LJ,2019-09-04,Josie,Diana,2018-07-03,F,IGDB,GD,2020-08-17,LR,,14.061890387892976,11.433499661184008,Success
09-04-LJ,2019-09-04,Jazzi,"Rose, Diana",2018-07-03,F,IGDB,GD,2020-07-27,LR,,14.061890387892976,10.743547095422905,Success
10-01-LF,2019-10-02,Fergus,Graham,2018-03-16,M,IGDB,AD,2020-01-28,LR,,18.56300950738208,3.876876321895727,Success
10-02-LH,2019-10-02,Hollie,Graham,2018-05-11,F,IGDB,W,2019-11-26,LRxGR,,16.723135998685805,1.8070186246124151,Fail
10-03-LJ,2019-10-17,July,Graham,2018-07-03,F,IGDB,AD,2020-06-08,LR,,15.474650403499044,7.720897759707592,Success
10-04-LJ,2019-10-02,Jane,Graham,2018-07-03,F,IGDB,AD,2020-02-14,LR,,14.981827142241114,4.435409351321383,Success
10-11-LJ,2019-10-07,Junior,Rose,2018-07-03,M,IGDB,GD,2020-07-27,LR,,15.146101562660425,9.659335920655456,Success
10-12-LJ,2019-10-07,Joy,Rose,2018-07-03,F,IGDB,GD,2020-06-08,LR,,15.146101562660425,8.049446600546213,Success
10-13-LK,2019-10-07,Kelvin,Rose,2018-08-02,M,IGDB,GD,2020-06-22,LRxGR,,14.160455040144562,8.509414977720281,Success
10-15-LK,2019-10-09,Kirby,Mags,2018-08-02,M,IGDB,AD,2020-07-20,LRxGR,,14.226164808312284,9.363641963900696,Success
10-14-LI,2019-10-17,Idris,Mags,2018-06-28,M,IGDB,W,2020-02-12,LRxGR,,15.638924823918355,3.876876321895727,Fail
10-31-LK,2019-10-24,Kacie,Graham,2018-08-02,F,IGDB,AD,2020-06-08,LRxGR,,14.718988069570218,7.490913571120557,Success
11-01-LM,2019-11-04,Mac,DSM,2018-08-25,M,IGDB,W,2020-01-03,LR,,14.324729460563873,1.9712930450317252,Fail
11-02-IM,2019-11-04,Meeko,DSM,2018-08-25,M,IGDB,W,2020-05-29,LR,,14.324729460563873,6.800961005359453,Fail
11-11-IK,2019-11-12,Kain,Mags,2018-08-02,M,IGDB,AD,2020-07-15,LRxGR,,15.343230867163596,8.082301484630074,Success
11-12-IM,2019-11-12,Mara,Mags,2018-08-25,F,IGDB,W,2020-01-03,LR,,14.58756853323477,1.7084539723608287,Fail
11-21-IK,2019-11-19,Katie,Mags,2018-08-02,F,IGDB,AD,2020-06-08,LRxGR,,15.573215055750632,6.636686584940143,Success
11-22-IM,2019-11-19,Meg,Mags,2018-08-25,F,IGDB,W,2020-01-31,LR,,14.817552721821803,2.398406538121933,Fail
11-23-IT,2019-11-19,Tosh,Mags,2018-09-25,M,GDBUK,W,2020-01-20,GR,,13.799051315222078,2.0370028131994498,Fail
11-24-IK,2019-11-20,Kaiser,Graham,2018-08-02,M,IGDB,GD,2020-07-20,LRxGR,,15.606069939834493,7.983736832378488,Success
11-25-IJ,2019-11-20,Jessie,Graham,2018-07-03,F,IGDB,GD,2020-07-31,LR,,16.591716462350355,8.34514055730097,Success
11-26-IL,2019-11-19,Lexie,DSM,2018-08-17,F,IGDB,AD,2020-07-20,LR,,15.0803917944927,8.01659171646235,Success
11-27-II,2019-11-18,Illana,DSM,2018-06-28,F,IGDB,AD,2020-07-15,LRxGR,,16.69028111460194,7.885172180126902,Success
11-28-IZ,2019-11-18,Zander,Rose,2018-10-19,M,Cesecah,W,2020-03-10,LR,,12.977679213125526,3.712601901476416,Fail
12-01-LK,2019-12-11,Kali,Graham,2018-08-02,F,IGDB,GD,2020-06-29,LRxGR,,16.296022505595598,6.60383170085628,Success
12-02-LM,2019-12-09,Minnie,Rose,2018-08-25,F,IGDB,GD,2020-07-21,LR,,15.474650403499044,7.39234891886897,Success
12-03-LM,2019-12-09,Milo,Rose,2018-08-25,M,IGDB,AD,2020-08-24,LR,,15.474650403499044,8.509414977720281,Success
01-01-LM,2020-01-09,Molly,Graham,2018-08-25,F,IGDB,AD,2020-11-02,LR,,16.49315181009877,9.790755456990905,Success
01-02-LM,2020-01-06,Mandy,Rose,2018-08-25,F,IGDB,AD,2020-07-20,LR,,16.394587157847184,6.43955728043697,Success
01-03-LN,2020-01-09,Nina,Graham,2018-12-23,F,IGDB,GD,2020-09-14,LRxGR,,12.55056572003532,8.180866136881662,Success
01-04-LN,2020-01-09,Niamh,Graham,2018-12-23,F,IGDB,GD,2020-10-05,LRxGR,,12.55056572003532,8.870818702642765,Success
01-05-LN,2020-01-06,Noel,Rose,2018-12-23,M,IGDB,AD,2020-11-11,LRxGR,,12.452001067783732,10.18501406599725,Success
01-06-LN,2020-01-07,Nala,Diana,2018-12-23,F,IGDB,AD,2020-08-21,LRxGR,,12.484855951867594,7.4580586870366945,Success
12-11-LK,2020-01-09,Kyle,Mags,2018-08-02,M,IGDB,GD,2020-09-28,LRxGR,,17.248814144027598,8.64083451405573,Success
01-11-LZ,2020-01-21,Zeus,Mags,2018-10-14,M,DFG,GD,2020-09-14,LR,,15.24466621491201,7.786607527875316,Success
01-12-LO,2020-01-21,Odin,Mags,2019-01-12,M,IGDB,AD,2020-08-21,LRxGR,,12.287726647364424,6.998090309862626,Success
01-13-LO,2020-01-22,Oj,Diana,2019-01-12,M,IGDB,AD,2020-11-02,LRxGR,,12.320581531448283,9.363641963900696,Success
01-14-LO,2020-01-21,Ozark,Graham,2019-01-12,M,IGDB,AD,2020-06-29,LRxGR,,12.287726647364424,5.256781453417935,Success
01-15-LO,2020-01-21,Orbet,Graham,2019-01-12,M,IGDB,AD,2020-08-21,LRxGR,,12.287726647364424,6.998090309862626,Success
02-01-LN,2020-02-03,Noelle,Rose,2018-12-23,F,IGDB,W,2020-07-16,LRxGR,,13.371937822131873,5.388200989753383,Fail
02-02-LO,2020-02-06,Ocean,Rose,2019-01-12,F,IGDB,AD,2021-02-17,LRxGR,,12.813404792706216,12.386291299616008,Success
02-03-LN,2020-02-12,Niff,Rose,2018-12-23,M,IGDB,AD,2020-09-30,LRxGR,,13.66763177888663,7.589478223372143,Success
02-04-LP,2020-02-12,Pennie,Graham,2019-01-30,F,IGDB,W,2020-06-08,LRx,,12.419146183699873,3.8440214378118647,Fail
02-05-LP,2020-02-19,Patch,Diana,2019-01-30,M,IGDB,AD,2020-08-21,LRx,,12.649130372286905,6.045298671430625,Success
02-06-LP,2020-02-20,Prince,Diana,2019-01-30,M,IGDB,AD,2020-09-28,LRx,,12.681985256370767,7.260929382533522,Success
03-01-LP,2020-03-09,Peaches,Rose,2019-01-30,F,IGDB,AD,2020-11-17,LRx,,13.273373169880283,8.31228567321711,Success
03-02-LP,2020-03-11,Peppa,Graham,2019-01-30,F,IGDB,AD,2020-09-10,LRx,,13.339082938048008,6.012443787346763,Success
03-03-LP,2020-03-11,Oonagh,Graham,2019-01-12,F,IGDB,AD,2020-09-28,LRxGR,,13.930470851557526,6.60383170085628,Success
03-04-LQ,2020-03-23,Quill,Rose,2019-03-20,M,IGDB,GD,2020-10-14,LRxGR,,12.123452226945112,6.735251237191728,Success
03-05-LQ,2020-03-23,Quinten,Rose,2019-03-20,M,IGDB,AD,2020-11-30,LRxGR,,12.123452226945112,8.279430789133247,Success
03-06-LQ,2020-03-25,Quincy,Graham,2019-03-20,M,IGDB,GD,2020-11-25,LRxGR,,12.189161995112835,8.049446600546213,Success
03-07-LQ,2020-03-25,Quinto,Graham,2019-03-20,M,IGDB,GD,2021-02-15,LRxGR,,12.189161995112835,10.743547095422905,Success
09-21-LZ,2020-09-08,Zaid,Frances,2019-07-22,M,AADI,W,2021-03-19,LR,,13.601922010718908,6.308137744101521,Fail
09-22-LZ,2020-09-08,Zavier,Frances,2019-07-22,M,AADI,W,2020-09-16,LR,,13.601922010718908,0.2628390726708967,Fail
09-23-LT,2020-09-08,Tango,Graham,2019-05-23,F,IGDB,AD,2021-04-22,LRxGR,,15.573215055750632,7.425203802952833,Success
09-24-LQ,2020-09-08,Quayla,Rose,2019-03-20,F,IGDB,AD,2021-02-03,LRxGR,,17.675927637117805,4.86252284441159,Success
09-25-LV,2020-09-08,Varley,Rose,2019-06-11,M,IGDB,W,2021-04-14,LR,,14.948972258157252,7.162364730281936,Fail
09-32-LT,2020-09-15,Teal,Rose,2019-05-23,F,IGDB,W,2021-03-29,LRxGR,,15.803199244337666,6.406702396353108,Fail
09-41-LR,2020-09-22,Ramona,Graham,2019-04-19,F,IGDB,AD,2021-04-21,LRx,,17.150249491776012,6.932380541694902,Success
09-42-LR,2020-09-22,Rita,Graham,2019-04-19,F,IGDB,AD,2021-03-01,LRx,,17.150249491776012,5.256781453417935,Success
09-43-LZ,2020-09-22,Zorro,Graham,2019-05-20,M,Private breeder,AD,2021-03-19,LR,,16.131748085176287,5.848169366927452,Success
09-44-LT,2020-09-22,Toto,Diana,2019-05-23,F,IGDB,AD,2021-04-01,LRx,,16.0331834329247,6.27528286001766,Success
09-45-LZ,2020-09-22,Zylan,Rose,2019-08-03,M,Private breeder,AD,2021-04-26,LR,,13.66763177888663,7.096654962114211,Success
11-40-LZ,2020-11-04,Zeplin,Frances,2019-07-13,M,Private breeder,W,2021-02-02,GRxPoodle,,15.770344360253803,2.956939567547588,Fail
11-52-LC,2020-11-20,Clay,UK PR,2019-05-03,M,GDBUK,W,2021-04-29,LR,,18.628719275549805,5.256781453417935,Fail
11-63-LC,2020-12-02,Chhiri,UK PR,2019-04-20,F,GDBUK,W,2021-03-03,LRxGR,,19.45009137764636,2.9897944516314503,Fail
